param,q2.5,q50,q97.5,p_gt_0
Intercept,-0.13183554750968526,-0.012081389080093673,0.05272648377498644,0.38
age_c,-0.0006235848993454615,0.0038316245960819074,0.010110430388317484,0.96
industry,-0.16523537808608726,0.006445237817342887,0.1772222512509808,0.56
log_week,-0.016505679742037465,-6.978026152404566e-05,0.01829032383814981,0.5
