param,q2.5,q50,q97.5,p_gt_0
Intercept,-0.1073463963347093,0.012407762094882278,0.07721563494996239,0.58
age_c,-0.005929705872201223,-0.001474496376773854,0.004804309415461721,0.32
industry,-0.2353205529918436,-0.06363993708841345,0.10713707634522446,0.26
log_week,-0.024610046627115363,-0.008174147146601944,0.010185956953071914,0.14
