{
  "chosen_k": 3,
  "candidates": [
    3,
    4,
    5
  ],
  "cover_rates": {
    "3": 1.0,
    "4": 1.0,
    "5": 0.9705882352941176
  },
  "survival_rates": {
    "3": 0.8541760527054647,
    "4": 0.7711532748297455,
    "5": 0.676180192356663
  }
}