season_method,method,reversal_rate,p_match_actual,p_elim_judge_top,p_elim_judge_bottom,p_elim_fan_top,p_elim_fan_bottom,expected_judge_rank_elim,expected_fan_rank_elim,save_override_rate
percent,percent_direct,0.2997836734693877,0.7002163265306122,0.09236375838926174,0.43047181208053686,0.0009302013422818792,0.6837939597315437,5.204711409395973,6.525831543624161,
percent,percent_save,0.32466598639455785,0.6753340136054422,0.015536912751677852,0.6175114093959732,0.015589932885906042,0.40386174496644295,5.94454899328859,6.059524161073826,0.3031523489932886
percent,rank_direct,0.3442251700680272,0.6557748299319728,0.006711409395973154,0.6840610738255034,0.018863758389261746,0.4062510067114094,6.2507838926174495,5.917029530201342,
percent,rank_save,0.4582843537414966,0.5417156462585034,0.006711409395973154,0.8719395973154364,0.05768322147651006,0.26856040268456377,6.560459731543625,5.2560630872483225,0.3074456375838926
rank,percent_direct,0.5881979166666667,0.41180208333333335,0.13488541666666667,0.29775833333333335,0.00032291666666666666,0.70290625,5.657454166666667,7.973568749999999,
rank,percent_save,0.5018395833333333,0.49816041666666666,0.027983333333333332,0.4564708333333333,0.0023895833333333334,0.3736520833333334,6.716491666666666,7.3985125,0.350675
rank,rank_direct,0.4474354166666667,0.5525645833333334,0.0,0.5770791666666667,0.013779166666666667,0.3290666666666667,7.4337375,6.99815,
rank,rank_save,0.4473020833333334,0.5526979166666667,0.0,0.8154166666666667,0.054125,0.18076041666666667,7.918456249999999,5.968558333333333,0.37799999999999995
